{
  "anchors": [
    1.75,
    2.66,
    2.39,
    2.12,
    6.14,
    6.39,
    2.72,
    2.66,
    2.09,
    1.56
  ],
  "inputs": {
    "input0": [
      224,
      224,
      3
    ]
  },
  "outputs": {
    "output0": [
      7,
      7,
      45
    ]
  },
  "params_quantity": 1867581,
  "loss": [
    [
      1,
      2.87221
    ],
    [
      2,
      2.19313
    ],
    [
      3,
      1.46554
    ],
    [
      4,
      1.26594
    ],
    [
      5,
      0.85533
    ],
    [
      6,
      0.567
    ],
    [
      7,
      0.23072
    ],
    [
      8,
      0.17529
    ],
    [
      9,
      0.14951
    ],
    [
      10,
      0.10185
    ],
    [
      11,
      0.07895
    ],
    [
      12,
      0.05483
    ],
    [
      13,
      0.04606
    ],
    [
      14,
      0.04732
    ],
    [
      15,
      0.03913
    ],
    [
      16,
      0.04229
    ],
    [
      17,
      0.04124
    ],
    [
      18,
      0.03313
    ],
    [
      19,
      0.03023
    ],
    [
      20,
      0.03175
    ],
    [
      21,
      0.0271
    ],
    [
      22,
      0.02095
    ],
    [
      23,
      0.0206
    ],
    [
      24,
      0.01806
    ],
    [
      25,
      0.01738
    ],
    [
      26,
      0.01409
    ],
    [
      27,
      0.0111
    ],
    [
      28,
      0.01102
    ],
    [
      29,
      0.01197
    ],
    [
      30,
      0.01186
    ],
    [
      31,
      0.0104
    ],
    [
      32,
      0.00907
    ],
    [
      33,
      0.00879
    ],
    [
      34,
      0.008
    ],
    [
      35,
      0.00693
    ],
    [
      36,
      0.00752
    ],
    [
      37,
      0.00824
    ],
    [
      38,
      0.00693
    ],
    [
      39,
      0.00655
    ],
    [
      40,
      0.00824
    ],
    [
      41,
      0.00885
    ],
    [
      42,
      0.00923
    ],
    [
      43,
      0.00682
    ],
    [
      44,
      0.00623
    ],
    [
      45,
      0.00483
    ],
    [
      46,
      0.00537
    ],
    [
      47,
      0.00491
    ],
    [
      48,
      0.00508
    ],
    [
      49,
      0.00517
    ],
    [
      50,
      0.00454
    ],
    [
      51,
      0.00441
    ],
    [
      52,
      0.00363
    ],
    [
      53,
      0.00371
    ],
    [
      54,
      0.00324
    ],
    [
      55,
      0.0032
    ],
    [
      56,
      0.00372
    ],
    [
      57,
      0.00359
    ],
    [
      58,
      0.00395
    ],
    [
      59,
      0.00432
    ],
    [
      60,
      0.0036
    ],
    [
      61,
      0.00321
    ],
    [
      62,
      0.00335
    ],
    [
      63,
      0.00309
    ],
    [
      64,
      0.00292
    ],
    [
      65,
      0.00359
    ],
    [
      66,
      0.0034
    ],
    [
      67,
      0.00272
    ],
    [
      68,
      0.00309
    ],
    [
      69,
      0.00314
    ],
    [
      70,
      0.00286
    ],
    [
      71,
      0.00287
    ],
    [
      72,
      0.00265
    ],
    [
      73,
      0.00273
    ],
    [
      74,
      0.00255
    ],
    [
      75,
      0.00281
    ],
    [
      76,
      0.0035
    ],
    [
      77,
      0.00314
    ],
    [
      78,
      0.00256
    ],
    [
      79,
      0.00262
    ],
    [
      80,
      0.00294
    ],
    [
      81,
      0.00284
    ],
    [
      82,
      0.0022
    ],
    [
      83,
      0.00243
    ],
    [
      84,
      0.00194
    ],
    [
      85,
      0.0021
    ],
    [
      86,
      0.00215
    ],
    [
      87,
      0.00225
    ],
    [
      88,
      0.00232
    ],
    [
      89,
      0.002
    ],
    [
      90,
      0.00199
    ],
    [
      91,
      0.00179
    ],
    [
      92,
      0.00187
    ],
    [
      93,
      0.00182
    ],
    [
      94,
      0.00194
    ],
    [
      95,
      0.00168
    ],
    [
      96,
      0.00202
    ],
    [
      97,
      0.00195
    ],
    [
      98,
      0.0021
    ],
    [
      99,
      0.00198
    ],
    [
      100,
      0.00163
    ]
  ],
  "acc": [
    [
      1,
      0.09209
    ],
    [
      2,
      0.07438
    ],
    [
      3,
      0.0578
    ],
    [
      4,
      0.12384
    ],
    [
      5,
      0.10301
    ],
    [
      6,
      0.06728
    ],
    [
      7,
      0.07723
    ],
    [
      8,
      0.0674
    ],
    [
      9,
      0.07463
    ],
    [
      10,
      0.09186
    ],
    [
      11,
      0.09054
    ],
    [
      12,
      0.098
    ],
    [
      13,
      0.09618
    ],
    [
      14,
      0.0991
    ],
    [
      15,
      0.10407
    ],
    [
      16,
      0.10676
    ],
    [
      17,
      0.10607
    ],
    [
      18,
      0.10566
    ],
    [
      19,
      0.10966
    ],
    [
      20,
      0.11292
    ],
    [
      21,
      0.12587
    ],
    [
      22,
      0.11945
    ],
    [
      23,
      0.12046
    ],
    [
      24,
      0.11926
    ],
    [
      25,
      0.11582
    ],
    [
      26,
      0.1189
    ],
    [
      27,
      0.11752
    ],
    [
      28,
      0.11835
    ],
    [
      29,
      0.11872
    ],
    [
      30,
      0.11723
    ],
    [
      31,
      0.11756
    ],
    [
      32,
      0.11835
    ],
    [
      33,
      0.11957
    ],
    [
      34,
      0.12086
    ],
    [
      35,
      0.11882
    ],
    [
      36,
      0.11834
    ],
    [
      37,
      0.12154
    ],
    [
      38,
      0.11966
    ],
    [
      39,
      0.1191
    ],
    [
      40,
      0.12008
    ],
    [
      41,
      0.12073
    ],
    [
      42,
      0.12077
    ],
    [
      43,
      0.12008
    ],
    [
      44,
      0.1201
    ],
    [
      45,
      0.11844
    ],
    [
      46,
      0.1195
    ],
    [
      47,
      0.12173
    ],
    [
      48,
      0.12089
    ],
    [
      49,
      0.11974
    ],
    [
      50,
      0.12027
    ],
    [
      51,
      0.12038
    ],
    [
      52,
      0.11967
    ],
    [
      53,
      0.12203
    ],
    [
      54,
      0.12109
    ],
    [
      55,
      0.11943
    ],
    [
      56,
      0.11944
    ],
    [
      57,
      0.11929
    ],
    [
      58,
      0.11924
    ],
    [
      59,
      0.12051
    ],
    [
      60,
      0.11972
    ],
    [
      61,
      0.11872
    ],
    [
      62,
      0.11903
    ],
    [
      63,
      0.1201
    ],
    [
      64,
      0.12021
    ],
    [
      65,
      0.119
    ],
    [
      66,
      0.11956
    ],
    [
      67,
      0.11782
    ],
    [
      68,
      0.11979
    ],
    [
      69,
      0.11952
    ],
    [
      70,
      0.12002
    ],
    [
      71,
      0.11976
    ],
    [
      72,
      0.11889
    ],
    [
      73,
      0.11987
    ],
    [
      74,
      0.12104
    ],
    [
      75,
      0.11921
    ],
    [
      76,
      0.11985
    ],
    [
      77,
      0.11955
    ],
    [
      78,
      0.11923
    ],
    [
      79,
      0.11959
    ],
    [
      80,
      0.11817
    ],
    [
      81,
      0.11869
    ],
    [
      82,
      0.11971
    ],
    [
      83,
      0.11909
    ],
    [
      84,
      0.11854
    ],
    [
      85,
      0.11879
    ],
    [
      86,
      0.11862
    ],
    [
      87,
      0.1194
    ],
    [
      88,
      0.11732
    ],
    [
      89,
      0.11914
    ],
    [
      90,
      0.11964
    ],
    [
      91,
      0.11803
    ],
    [
      92,
      0.11961
    ],
    [
      93,
      0.11864
    ],
    [
      94,
      0.11888
    ],
    [
      95,
      0.11865
    ],
    [
      96,
      0.11838
    ],
    [
      97,
      0.11941
    ],
    [
      98,
      0.1197
    ],
    [
      99,
      0.12016
    ],
    [
      100,
      0.11877
    ]
  ],